seller_id,seller_zip_code_prefix,seller_city,seller_state
1b938a7ec6ac5061a66a3766e0e75f90,16304,penapolis,SP
ccc4bbb5f32a6ab2b7066a4130f114e3,80310,curitiba,PR
8bd0f31cf0a614c658f6763bd02dea69,01222,sao paulo,SP
d2e753bb80b7d4faa77483ed00edc8ca,45810,porto seguro,BA
2ff97219cb8622eaf3cd89b7d9c09824,13320,salto,SP
116ccb1a1604bc88e4d234a8c23f33de,09850,sao bernardo do campo,SP
430315b7bb4b6e4b3c978f9dfa9b0558,04857,sao paulo,SP
d9a84e1403de8da0c3aa531d6d108ba6,03562,sao paulo,SP
9c690ceacd5c66731bf443ea810195cb,37650,camanducaia,MG
1f9ab4708f3056ede07124aad39a2554,17602,tupa,SP
ec2e006556300a79a5a91e4876ab3a56,03445,sao paulo,SP
b2a6d334e2833acea353624840e25a0e,04133,sao paulo,SP
768de2a4fc06aacecb9a586ccc30746a,70645,brasilia,DF
8444e55c1f13cd5c179851e5ca5ebd00,37584,congonhal,MG
41ab63a91b8b264e8c8780368bf1dd5b,31555,belo horizonte,MG
0c7533c71df861ec58ad7ff999ed0e8d,13270,valinhos,SP
ef990a83bbea832f36ebe81376335aa8,89214,joinville,SC
13c2ed7698b3ca92dad49e849219da59,84010,ponta grossa,PR
02ecc2a19303f05e59ce133fd923fff7,09121,santo andre,SP
2d50d6282f8aa2257819a77bfaa0efe0,14940,ibitinga,SP
b90e891671cffd9557f33a97dc523645,83010,sao jose dos pinhais,PR
a416b6a846a11724393025641d4edd5e,03702,sao paulo,SP
7e93a43ef30c4f03f38b393420bc753a,06429,barueri,SP
ef506c96320abeedfb894c34db06f478,03569,sao paulo,SP
7299e27ed73d2ad986de7f7c77d919fa,38440,araguari,MG
8a9260f2b0340411d6d2a56bcf4f7378,32180,contagem,MG
b2479f944e1b90cf8a5de1bbfde284d6,14940,ibitinga,SP
7722b1df1b0e383e000397b2c11e3e19,09715,sao bernardo do campo,SP
bba3293d6f5d5af2f415e004e8b93ae3,04726,sao paulo,SP
4e7c18b98d84e05cbae3ff0ff03846c2,14882,jaboticabal,SP
d650b663c3b5f6fb392b6326366efa9a,06713,cotia,SP
669ae81880e08f269a64487cfb287169,89160,rio do sul,SC
709e16e2b25c7474d980076c6bfc4806,16200,birigui,SP
276677b5d08786d5dce7c2149dcce48b,31730,belo horizonte,MG
8bb48dc19fccaa8613b6229bf7f452a2,19803,assis,SP
1d4587203296c8f4ad134dc286fa6db0,05101,sao paulo,SP
0c8380b62e38e8a1e6adbeba7eb9688c,37410,tres coracoes,MG
44073f8b7e41514de3b7815dd0237f4f,71070,brasilia,DF
7b07b3c7487f0ea825fc6df75abd658b,02016,sao paulo,SP
99002261c568a84cce14d43fcffb43ea,78095,cuiaba,MT
ba6b4a237f92479743cf0ca06b67a9ac,23550,rio de janeiro,RJ
ad75519a07f039025e83795a4418470f,76500,santa terezinha de goias,GO
ed4acab38528488b65a9a9c603ff024a,08260,sao paulo,SP
75a4764c108403a7a0575140cb22287c,95072,caxias do sul,RS
b18dc380845b24038cfc48006478f099,09951,diadema,SP
ffc470761de7d0232558ba5e786e57b7,07091,guarulhos,SP
4c498c7345e89aebad651544829beca0,06341,carapicuiba,SP
01bcc9d254a0143f0ce9791b960b2a47,76400,uruacu,GO
02f5837340d7eb4f653d676c7256523a,80620,curitiba,PR
f12ff17ad8bbf01ec5c33b17e506649b,03186,sao paulo,SP
229c3efbfb0ea2058de4ccdfbc3d784a,30190,belo horizonte,MG
95ec4458365c4d11f452ccf538377619,13481,limeira,SP
fa40cc5b934574b62717c68f3d678b6d,02310,sao paulo,SP
270d3ef21830ad0ecf3a6c53d08a533a,06380,carapicuiba,SP
89c127985a8b130cfa45c1d36764017a,06016,osasco,SP
8b2492b7ff4468839593fafeed55bad9,24451,sao goncalo,RJ
5e49e3a44bdeb5aab2684258bbd4f525,88330,balenario camboriu,SC
8e34331b7eedd03be4e5d965c1956225,04009,sao paulo,SP
c7246702dc991a06d788120dc7544391,60440,fortaleza,CE
9e6229250fedbe05838fef417b74e7fb,16800,mirandopolis,SP
817245bcc3badd82bbd222e0366951a6,17056,bauru,SP
7178f9f4dd81dcef02f62acdf8151e01,89560,videira,SC
3f995f07c49d0d55a99d5c54957f7d81,06853,itapecerica da serra,SP
a17f621c590ea0fab3d5d883e1630ec6,18055,sorocaba,SP
4deebb3199eeafb282ae33229144f94b,02112,sao paulo,SP
55bb6fe5bebe5012e2d7d9928e1128ff,17052,bauru,SP
ececbfcff9804a2d6b40f589df8eef2b,14407,franca,SP
7d13fca15225358621be4086e1eb0964,14050,ribeirao preto,SP
1b4c3a6f53068f0b6944d2d005c9fc89,88730,sao ludgero,SC
b8555308bfdb4ca1ed54325a58da9a97,09751,sao bernardo do campo,SP
1dc2de47ee26a0a5b12dc14fd6dc0dea,14940,ibitinga,SP
4bcec44888b30ba9001234c534716d3f,09230,santo andre,SP
50c9975695009e5e6473912e83a6d1da,35530,claudio,MG
b14db04aa7881970e83ffa9426897925,18048,sorocaba,SP
31ae0774c17fabd06ff707cc5bde005f,13478,americana,SP
a3e9a2c700480d9bb01fba070ba80a0e,14940,ibitinga,SP
9f505651f4a6abe901a56cdc21508025,04102,sao paulo,SP
7142540dd4c91e2237acb7e911c4eba2,16301,penapolis,SP
a3a38f4affed601eb87a97788c949667,89204,joinville,SC
744dac408745240a2c2528fb1b6028f3,83408,colombo,PR
9b013e03b2ab786505a1d3b5c0756754,11450,vicente de carvalho,SP
38e679b9e0064cd94c6f035707344dae,86010,londrina,PR
79ebd9a61bac3eaf882805ed4ecfa12a,85802,cascavel,PR
5f3ae9136c875522250f8184f253413a,01550,sao paulo,SP
9dd459b29a14bf89d47183cf2cd0e4c7,04716,sao paulo,SP
8e6d7754bc7e0f22c96d255ebda59eba,12233,sao jose dos campos,SP
3ca08eeb8d5595949fed424bd3677742,82510,curitiba,PR
cbd996ad3c1b7dc71fd0e5f5df9087e2,15081,sao jose do rio preto,SP
e067ad2c1c0b48758eb1b5228bcf7a68,11045,santos,SP
081acf3de680d554796c9cf041be7bc2,33200,vespasiano,MG
6d803cb79cc31c41c4c789a75933b3c7,14600,sao joaquim da barra,SP
8b321bb669392f5163d04c59e235e066,01212,sao paulo,SP
76d64c4aca3a7baf218bf93ef7fa768d,80215,curitiba,PR
004c9cd9d87a3c30c522c48c4fc07416,14940,ibitinga,SP
6b89abe95848c850399130d149a39b63,75640,piracanjuba,GO
aced59e9b31ef866a94f9e7f29d8d418,03306,sao paulo,SP
3dc69bf2c42f0568a5c4791ec3fd3745,02880,sao paulo,SP
87d30a6a0cbf89356e49324971ab1d24,02036,sao paulo,SP
aba1721a889e04decc910aa13b768ef4,05729,sao paulo,SP
cab85505710c7cb9b720bceb52b01cee,02252,sao paulo,SP
1fdc574883ef3b33ad41562d93f3a74a,13480,limeira,SP
9a03a4e9eb0b947652fae4f6121a3f5e,15805,catanduva,SP
6cd68b3ed6d59aaa9fece558ad360c0a,31255,belo horizonte,MG
3df020b72d3d44b3af9d110fa3940b65,15704,jales,SP
537eb890efff034a88679788b647c564,20270,rio de janeiro,RJ
955fee9216a65b617aa5c0531780ce60,04782,sao paulo,SP
751bdc4d83a466c7206cd42e8f426b03,09405,ribeirao pires,SP
2f4b0d3b9634b647d4edee577d7ebb7e,02310,sao paulo,SP
ba5daa4041e1f15cdf34b76e3e18a450,04363,sao paulo,SP
ac51cac5e20d69ff485a54746488ef48,14096,ribeirao preto,SP
085f6f7e049c996695fb2074fe38d45e,12020,taubate,SP
5a93f3ab0ef4c84ed5e1b5dbf23978bc,12250,monteiro lobato,SP
d3f39f05462b79a4562d35893a28f159,13730,mococa,SP
b86a47b3366e3b5424a7b225781f4908,37900,passos,MG
0176f73cc1195f367f7b32db1e5b3aa8,14940,ibitinga,SP
ceaec5548eefc6e23e6607c5435102e7,03821,sao paulo,SP
e9bc59e7b60fc3063eb2290deda4cced,87083,maringa,PR
fa1a9dec3a9940c072684a46728bf1fc,88820,icara,SC
b6d44737c043328708f6749c2dbe50bd,09230,santo andre,SP
972d0f9cf61b499a4812cf0bfa3ad3c4,88359,brusque,SC
cfb1a033743668a192316f3c6d1d2671,18110,votorantim,SP
714b9a1332840f257b49f476bea4e341,15910,monte alto,SP
f326006815956455b2859abd58fe7e39,15601,fernandopolis,SP
6a51fc556dab5f766ced6fbc860bc613,17500,marilia,SP
259f7b5e6e482c230e5bfaa670b6bb8f,08550,poa,SP
dd7ddc04e1b6c2c614352b383efe2d36,03471,sao paulo,SP
f457c46070d02cadd8a68551231220dd,87047,maringa,PR
1f50f920176fa81dab994f9023523100,15025,sao jose do rio preto,SP
2b1a40c1daabc6ca280c4b815c101841,35500,divinopolis,MG
d93919c944be9cff128f6c9cb899eacb,13375,mombuca,SP
f7ba60f8c3f99e7ee4042fdef03b70c4,09628,sao bernardo do campo,SP
002100f778ceb8431b7a1020ff7ab48f,14405,franca,SP
4e5725ba188db8252977a4f0227bd462,14092,ribeirao preto,SP
f84a00e60c73a49e7e851c9bdca3a5bb,20756,rio de janeiro,RJ
e5a38146df062edaf55c38afa99e42dc,01233,sao paulo,SP
4de6e4ba574aa9dfdc824bc44dc47fdd,83402,colombo,PR
f45122a9ab94eb4f3f8953578bc0c560,13419,piracicaba,SP
7901646fdd36a55f564ffaf2dbccaaf7,20021,rio de janeiro,RJ
6481e96574816ead57975da2c0f6d80d,18072,sorocaba,SP
48436dade18ac8b2bce089ec2a041202,27277,volta redonda,SP
1554a68530182680ad5c8b042c3ab563,37580,monte siao,MG
04aa0a1c5ce6b222003403a3e11c3cc0,13150,cosmopolis,SP
ede0c03645598cdfc63ca8237acbe73d,14092,ribeirao preto,SP
ef0ace09169ac090589d85746e3e036f,24451,sao goncalo,RJ
918717417d88a9f9ae9735567e6c7682,05547,sao paulo,SP
97e50a621f8e801f4baf69e08687c192,04209,sao paulo,SP
562f8cfc51f265411f487d07e9c40e7f,30575,belo horizonte,MG
52092ddbd3a58c450a4459bf051b2287,17300,dois corregos,SP
87142160b41353c4e5fca2360caf6f92,90230,porto alegre,RS
289cdb325fb7e7f891c38608bf9e0962,31570,belo horizonte,SP
fa1c13f2614d7b5c4749cbc52fecda94,13170,sumare,SP
fbc14c0cf93505ef89f64665ffa4a7b5,14150,serrana,SP
34d1ca11b242c0fee2c834ae8d788566,36415,congonhas,MG
96493fab2fbb13a14d0c0e8772eef5c3,05537,sao paulo,SP
7c1fea10b5b006671d608b1d7c446ec4,18550,boituva,SP
f76a3b1349b6df1ee875d1f3fa4340f0,03275,sao paulo,SP
99eaacc9e6046db1c82b163c5f84869f,14400,franca,SP
d98eec89afa3380e14463da2aabaea72,90010,porto alegre,RS
23613d49c3ac2bd302259e55c06c050c,13660,porto ferreira,SP
93b9a99027bd8bd6af682aff18dd19bf,07600,mairipora,SP
0bf0150d5b9d60d9cd2906003332f085,01547,sao paulo,SP
30829ded4523ab9224b93bc49a62c95f,95360,parai,RS
c3cfdc648177fdbbbb35635a37472c53,80610,curitiba,PR
2138ccb85b11a4ec1e37afbd1c8eda1f,08250,sao paulo,SP
ef30892870c278497523264be1be2241,14801,araraquara,SP
c8b0e2b0a7095e5d8219575d5e7e1181,08598,itaquaquecetuba,SP
38102b031c2a15e54623d711bfc753d3,62170,mucambo,CE
391fc6631aebcf3004804e51b40bcf1e,14940,ibitinga,SP
8a2d12a90e92f012ce5226fc6592b653,81210,curitiba,PR
e59aa562b9f8076dd550fcddf0e73491,82810,curitiba,PR
e84ad2127668df3aafc6b73531a0beb8,04613,sao paulo,SP
e9779976487b77c6d4ac45f75ec7afe9,11701,praia grande,SP
db4350fd57ae30082dec7acbaacc17f9,03126,sao paulo,SP
4324dd16853115efb0fd9d0d131ba6f4,13720,sao jose do rio pardo,SP
bfd27a966d91cfaafdb25d076585f0da,13930,serra negra,SP
04e38a233f726ef161074ab1c9b0399a,01239,sao paulo,SP
2ef086a599b597572aca4433b7ed6b3d,89256,jaragua do sul,SC
b87a7ea0c30fad2dd6781b74a0064859,04133,sao paulo,SP
42b729f859728f5079499127a9c2ef37,03910,sao paulo,SP
6806dad1da97bfb5a9038eac6881f706,83280,guaratuba,PR
47efca563408aae19bb7206c2d969ea9,64033,teresina,PI
9c0e69c7bf2619675bbadf47b43f655a,12230,sao jose dos campos,SP
4e326052e5dbba8adcd512f3450a307e,08020,sao paulo,SP
3586b8580d9c917874e053a1bb37b5ff,14802,araraquara,SP
ccf8813e5a7d6c84d865cd38bfc2b130,12080,taubate,SP
8d956fec2e4337affcb520f56fd8cbfd,09780,sao bernardo do campo,SP
e5a3438891c0bfdb9394643f95273d8e,13483,limeira,SP
5058e8c1e82653974541e83690655b4a,08583,itaquaquecetuba,SP
9674754b5a0cb32b638cec001178f799,04438,sao paulo,SP
c161d1327ebc3a156c09582ab2f59f6c,03521,sao paulo,SP
49067458c68f7701fd334ce326accbe0,36050,juiz de fora,MG
2cb6eb1b7185064167657fa09f541105,34710,sabara,MG
6c7d50c24b3ccd2fd83b44d8bb34e073,19025,presidente prudente,SP
323ce52b5b81df2cd804b017b7f09aa7,03306,sao paulo,SP
4cc43a222a0f94910728b62b97a8c5f8,14026,ribeirao preto,SP
bc503e244f187939d10c92a5c8e378ce,16200,birigui,SP
15fa791d5e017f66402dc28c44480657,03307,sao paulo,SP
0432ead42b6c8a0bdf68154add917fdf,09320,maua,SP
2a261b5b644fa05f4f2700eb93544f2c,13660,porto ferreira,SP
f680f85bee2d253556ac91be391d2c82,06365,carapicuiba,SP
3785b653b1b82de85ab47dd139938091,85640,ampere,PR
7ea5bfa6c340f58f8e71fc1f0412b0d6,30180,belo horizonte,MG
1a3df491d1c4f1589fc2b934ada68bf2,89224,joinville,SC
e81e1f9c3e762e620f3fb60a51499e16,89520,curitibanos,SC
6560211a19b47992c3666cc44a7e94c0,05849,sao paulo,SP
718539d38d07dd351c76db862760e2e2,13088,campinas,SP
979e9f8b5b39dd243a2550c8b05aecf0,04160,sao paulo,SP
0b90b6df587eb83608a64ea8b390cf07,87025,maringa,PR
679769a98cfcc6da877c8486ff1c13f3,35162,ipatinga,MG
20a7efa9721046319bdde5d60b6b5365,88790,laguna,SP
febab0275244b9a49a623f0bd613ca2f,13920,pedreira,SP
f3da5b2ff499efb8d4a6d371d175d7dd,02407,sao paulo,SP
a420f60ff1aa9acc80d0e42959f2b313,05138,sao paulo,SP
e63e8bfa530fb16910dd6956e592bb81,07160,guarulhos,SP
5343d0649eca2a983820bfe93fc4d17e,09270,santo andre,SP
e4ebd3f87bf70440014f07ddda7fbe03,19470,presidente epitacio,SP
d57e18d5f73c7ccb7f7339b61166898d,03613,sao paulo,SP
dd2bdf855a9172734fbc3744021ae9b9,31255,belo horizonte,MG
715bbd5ba4e6b74cb0d2f29eb45058b0,13930,serra negra,SP
1430239a858e7682bbc43b20758af153,04087,sao paulo,SP
95f83f51203c626648c875dd41874c7f,37564,borda da mata,MG
2089a6d640999f9b9141ac719b2af596,13566,sao carlos,SP
2a5b78b41cd05baeac8df54c6606b92c,35570,formiga,MG
b32be1695eb7ec5f10f72d9610a12527,95012,caxias do sul,RS
53243585a1d6dc2643021fd1853d8905,42738,lauro de freitas,BA
b33aaadd1a8891d2dfef0c4c3bdf0371,13481,limeira,SP
5d9dc90a686a8fddacffab6bab5653a3,06513,santana de parnaiba,SP
dee656f0f566ed1aa85bd137c943f08f,12701,cruzeiro,SP
d673a59aac7a70d8b01e6902bf090a11,14940,ibitinga,SP
f3b80352b986ab4d1057a4b724be19d0,71200,brasilia,DF
ffeee66ac5d5a62fe688b9d26f83f534,15130,mirassol,SP
2b03ac196f5ed62ac483960fe0fa3b65,02510,sao paulo,SP
0bfd0b434243adc5c2e1aa6baf19c6aa,22745,rio de janeiro,RJ
ed4311e67debd72b8610a5347a743087,07170,guarulhos,SP
391bbd13b6452244774beff1824006ed,13082,campinas,SP
cd68562d3f44870c08922d380acae552,14050,ribeirao preto,SP
41da412d33e8da4f22baf55cb1bde82c,29260,domingos martins,ES
5bc55dbe2f12b6af6d83ed46023e0dc8,35170,coronel fabriciano,MG
00ee68308b45bc5e2660cd833c3f81cc,03333,sao paulo,SP
701938c450705b8ae65fc923b70f35c7,15014,s jose do rio preto,SP
f5f1f2c5f923f36ad79ea1d07185ddc9,19820,taruma,SP
cf8ab1616079e2793aa29d524df01bb1,04088,sao paulo,SP
59b22a78efb79a4797979612b885db36,38414,uberlandia,MG
ea8482cd71df3c1969d7b9473ff13abc,04160,sao paulo,SP
5b925e1d006e9476d738aa200751b73b,04567,sao paulo,SP
fe2032dab1a61af8794248c8196565c9,13030,campinas,SP
3092c0b297aacfb4bb6e056ebe13b9b8,07402,aruja,SP
e0a366315b1b726b6c7832d664c0f530,02258,sao paulo,SP
4e17c65a516f69d023a2ae78b84f28d6,08673,suzano,SP
a72c2f59332659e361d647515c698798,95270,flores da cunha,RS
b55638ad525e906c698fa2ce742c1742,88780,imbituba,SC
9539213aa8e023c01937bef95dc006da,03673,sao paulo,SP
4ebdc7e6cd6102a022dadc49156d4ea8,05030,sao paulo,SP
f918546be4bec7104d117789ba758b2b,05634,sao paulo,SP
eb4a59a06b3948e851a7d7a830bcbc42,41820,salvador,BA
2a84855fd20af891be03bc5924d2b453,30111,belo horizonte,MG
439a47cc365d6e3bd526812ea9de3c29,08730,mogi das cruzes,SP
4b9750c8ad28220fe6702d4ecb7c898f,13484,limeira,SP
8cbac7e12637ed9cffa18c7875207478,89254,jaragua do sul,SC
aae3bfea055532c57fb453ed3ec80b30,09271,santo andre,SP
0ff83046c3fa22efee8ecf291888b191,95110,caxias do sul,RS
aafe36600ce604f205b86b5084d3d767,88115,sao jose,SC
681fce914360217db47784ae28905a96,83709,araucaria,PR
41b39e28db005d9731d9d485a83b4c38,09220,santo andre,SP
bdf0d02d36a1d839d0c39c4a887cdd49,16200,birigui,SP
001cca7ae9ae17fb1caed9dfb1094831,29156,cariacica,ES
c6bda72e4dbf5c5866b13cb1810c6d03,03087,sao paulo,SP
07e8e8fc5222bb358e6f259da3197074,04216,sao paulo,SP
365e4bce19bda0082c3d15d83fdb8bcd,09570,sao caetano do sul,SP
e882b2a25a10b9c057cc49695f222c19,25963,teresopolis,RJ
dbc22125167c298ef99da25668e1011f,37564,borda da mata,MG
d91fb3b7d041e83b64a00a3edfb37e4f,11704,praia grande,SP
9b00ed88b7fdb95d6ff76e27c1b52d16,08215,sao paulo,SP
c864036feaab8c1659f65ea4faebe1da,83605,campo largo,PR
5f5b43b2bffa8656e4bc6efeb13cc649,04880,sao paulo,SP
6e864f5c4669eff3d98140a07cc50202,05639,sao paulo,SP
e7d5b006eb624f13074497221eb37807,09291,santo andre,SP
c7fdb77fdbff3c41981bc52f787e959e,09111,santo andre,SP
04fdea0c111866e6cf812f1570d6b5bd,08411,sao paulo,SP
9c068d10aca38e85c50202e17b4a7e88,79400,coxim,MS
7c67e1448b00f6e969d365cea6b010ab,08577,itaquaquecetuba,SP
91f0eec23d4a61d7d7caeefa3f0ad1ca,88704,tubarao,SC
01fdefa7697d26ad920e9e0346d4bd1b,86050,londrina,PR
43f8c9950d11ecd03a0304a49e010da6,06341,carapicuiba,SP
c60b801f2d52c7f7f91de00870882a75,07174,guarulhos,SP
eeb6de78f79159600292e314a77cbd18,88501,lages,SC
4bf2f4ee540798a61f9636d12cd9cc80,19814,assis,SP
25e6ffe976bd75618accfe16cefcbd0d,05503,sao paulo,SP
1d8dbc4f32378d715c717c1c1fc57bae,86706,arapongas,PR
9596c870880d900012f2e8e6e30d06d7,37074,varginha,MG
a3082f442524a1be452e3189e003b361,81560,curitiba,SP
e96498ed8daaa3e9c23f7a62da76591c,05373,sao paulo,SP
ad781527c93d00d89a11eecd9dcad7c1,15015,sao jose do rio preto,SP
128639473a139ac0f3e5f5ade55873a5,87050,maringa,PR
7e1fb0a3ebfb01ffb3a7dae98bf3238d,14403,franca,SP
376a891762bbdecbc02b4b6adec3fdda,74323,goiania,GO
25c5c91f63607446a97b143d2d535d31,35680,itauna,MG
d2374cbcbb3ca4ab1086534108cc3ab7,14940,ibitinga,SP
1eade46fba20122dc4aefb379f8c636b,02066,sao paulo,SP
40d54b51e962dbe09cabbcfd33298dee,09230,santo andre,SP
b98b715fe9e276204e2a3464f48cd796,03827,sao paulo,SP
05d2173d43ea568aa0540eba70d2ca76,37135,alfenas,MG
0dd184061fb0eaa7ca37932c68ab91c5,07031,guarulhos,SP
60562ab00b8054280520d390c8c0045c,04809,sao paulo,SP
1d29dfba02015238dfbe2449a5eaa361,36576,vicosa,MG
c3867b4666c7d76867627c2f7fb22e21,14580,guara,SP
0bae85eb84b9fb3bd773911e89288d54,88301,itajai,SP
08633c14ef2db992c11f840f04fad4cd,09416,ribeirao pires,SP
5b8154610ebb21fb90eb587365e673df,12246,sao jose dos campos,SP
fb89df7f89fd1b8f03fa2acca1ba7364,85853,foz do iguacu,PR
17ca9b9e9b9ef8fdb529001b49ebb50f,32677,betim,MG
f262cbc1c910c83959f849465454ddd3,03564,sao paulo,SP
8fe8786ee000001ab51d030dfd4a7bf1,88490,paulo lopes,SC
432c37c9dfba871172ec162e20118b8c,70235,brasilia,DF
e9511df20ccd82658a30c37b7fb343af,17026,bauru,SP
6c12e40690c335dbc2f68a4134d30dc1,84178,castro,PR
9a84ba99f5367fdbd4598363496f1ea2,72801,luziania,GO
5b581417df4480f632484ba681e53944,88050,florianopolis,SC
06e5eefc71ec47ae763c5c6f8db7064f,91350,porto alegre,RS
2a6fbeaa7ab9e5d59a35841a8da71ce4,89259,jaragua do sul,SC
1987cd4be10fe09ee50454f9c354d1c6,37570,ouro fino,MG
6860153b69cc696d5dcfe1cdaaafcf62,13360,capivari,SP
066a6914e1ebf3ea95a216c73a986b91,85863,foz do iguacu,PR
6d66611d7c44cc30ce351abc49a68421,04378,sao paulo,SP
e48cc16ab70bfa09e1401740dce0b3d7,16022,aracatuba,SP
76d5af76d0271110f9af36c92573f765,03194,sao paulo,SP
729f06993dac8e860d4f02d7088ca48a,13481,limeira,SP
b19f3ca2ea475913750f25a5c37c8d8f,35501,divinopolis,MG
cc419e0650a3c5ba77189a1882b7556a,09015,santo andre,SP
0df3984f9dfb3d49ac6366acbd3bbb85,32604,betim,MG
7008613ea464bad5cb9b83456e1e6a8f,89460,canoinhas,SC
c4fb51fb1c5b7c07bc5e67be6e7e8f6e,80060,curitiba,PR
994f04b3718c2bab35c2adfa8afecd2a,13912,jaguariuna,SP
3f3486b61f45078d4f31ee5e43d8c5bb,03035,sao paulo,SP
977f9f63dd360c2a32ece2f93ad6d306,14910,tabatinga,SP
ce248b21cb2adc36282ede306b7660e5,89251,jaragua do sul,SC
08cdbae123ff67ca4e36d9d641ce0119,36504,uba,MG
7ad32824caee82087b3e2e5f33b1bf32,14940,ibitinga,SP
de722cd6dad950a92b7d4f82673f8833,51250,recife,PE
70849ca4f400aaabb62cb7462a6f1428,31210,belo horizonte,MG
dc317f341ab0e22f39acbd9dbf9b4a1f,94910,cachoeirinha,RS
13f57c12a00ed4610db646b913a7f5c6,11015,santos,SP
6039e27294dc75811c0d8a39069f52c0,06162,osasco,SP
05ff92fedb5be47920fea08e501238b9,98803,santo angelo,RS
916c9de0b5ad957346eeeb12f332687e,80240,curitiba,PR
c68fb906c8f4b4b946d8386bfa6e5467,14870,jaboticabal,SP
53d00c40e32aeb924a84ce72b1af869d,14940,ibitinga,SP
93dc87703c046b603023e75222018b45,30315,belo horizonte,MG
10076e5788b8ee532724bcd460baf762,14315,batatais,SP
4dc646b9b9e8e411ef48ba000ea3ac6f,13272,valinhos,SP
1127b7f2594683f2510f1c2c834a486b,13087,campinas,SP
2c9e548be18521d1c43cde1c582c6de8,08752,mogi das cruzes,SP
bc47d5d1490df2b36add65d733eafaba,09163,santo andre,SP
c31eff8334d6b3047ed34bebd4d62c36,13322,salto,SP
822166ed1e47908f7cfb49946d03c726,25803,tres rios,RJ
b2ba3715d723d245138f291a6fe42594,03470,sao paulo,SP
b410bdd36d5db7a65dcd42b7ead933b8,74645,goiania,GO
31344c16881c08a8a72c6d2eb29918c1,36500,uba,MG
fcb5ace8bcc92f75707dc0f01a27d269,07032,guarulhos,SP
8931a84a914b3fe9b1ddaa4d704947ca,08410,sao paulo,SP
7681ef142fd2c19048da7430856b5588,07074,guarulhos,SP
7ddcbb64b5bc1ef36ca8c151f6ec77df,04403,sao paulo,SP
bd0389da23d89b726abf911cccc54596,71691,brasilia,DF
855668e0971d4dfd7bef1b6a4133b41b,13257,itatiba,SP
1c68394e931a64f90ea236c5ea590300,87114,sarandi,PR
95b293867b5862941c9cd74f756a3c68,08223,sao paulo,SP
e62b2d6ac10570a035a30bafcf01d263,05767,sao paulo,SP
f63d8f293af3a6454377546bd9dd19ff,18110,votorantim,SP
7a425d299613df3e613bcf9d2eaf5c49,22790,rio de janeiro,RJ
6bb0724edf0b62fb91ac404873a97241,06700,cotia,SP
77530e9772f57a62c906e1c21538ab82,80310,curitiba,PR
ff69aa92bb6b1bf9b8b7a51c2ed9cf8b,08140,sao paulo,SP
5733d806668f8712c24b9abaefbfa642,89803,chapeco,SP
6a8b085f816a1f75f92dbac6eb545f8f,14709,bebedouro,SP
f3295428338a40977a03f555246a70f4,29032,vitoria,ES
582d4f8675b945722eda7c0cb61ba4c7,11250,bertioga,SP
94144541854e298c2d976cb893b81343,94451,viamao,RS
bf84056e679dbe9c69929847a40e338f,02537,sao paulo,SP
1c129092bf23f28a5930387c980c0dfc,02972,sao paulo,SP
3afc536624bc2e65bddfb5db33cc01f3,30150,belo horizonte,MG
8090490573c6c0aa343a7231ebcb8c86,04130,sao paulo - sp,SP
b347677812ea483b0f528eaf8cbc09b7,82540,curitiba,PR
b499c00f28f4b7069ff6550af8c1348a,13481,limeira,SP
fad44952713764836814be105382aee5,21340,rio de janeiro,RJ
95e03ca3d4146e4011985981aeb959b9,21210,rio de janeiro,RJ
381c83fdca332ea6afd896da20bf6e4a,80010,curitiba,PR
6fd52c528dcb38be2eea044946b811f8,08180,sao paulo,SP
f7720c4fa8e3aba4546301ab80ea1f1b,81350,curitiba,PR
4c2b230173bb36f9b240f2b8ac11786e,03933,sao paulo,SP
81336a0f57a33776419727a300249e90,13560,sao carlos,SP
4e06067cc08b3f41d837768d392c3ee3,32604,betim,MG
5d0363b33554b373851fc1622e4d5f3c,12952,atibaia,SP
013900e863eace745d3ec7614cab5b1a,80740,curitiba,PR
fa3a0b5aabb344b9a92e3524b0202123,83020,sao jose dos pinhais,SP
17a053fcb14bd219540cbde0df490be0,13843,mogi guacu,SP
cac63f48c38cd7d002a7e846dcd99a23,13170,sumare,SP
4e922959ae960d389249c378d1c939f5,12327,jacarei,SP
b8630e1121437d41cb08e3c749c2c2e2,25070,duque de caxias,RJ
2c3d56f92f360fb89d849b84e8f50eae,06420,barueri,SP
c990d6cf976a5718aaedc539f383ab88,13145,paulinia,SP
8581055ce74af1daba164fdbd55a40de,07112,guarulhos,SP
bb5bd94c8f59cc050072d2930c869cac,05008,sao paulo,SP
2a7dc43cecabf23403078e2188437d1d,04142,sao paulo,SP
578fa3a9cb6b6dceab39231ad59cdaca,60025,fortaleza,CE
a3f0b55de503387383c7b1de3ad7f678,82400,curitiba,PR
ea566164622c6b439516ab18062c42cd,05303,sao  paulo,SP
821fb029fc6e495ca4f08a35d51e53a5,02030,sao paulo,SP
c66dccfb3f109511246da627dd5a2498,11900,registro,SP
989becdce12ebc39863c2bceab6f3ca1,81730,curitiba,PR
2528513dd95219a6013d4d05176e391a,06060,osasco,SP
1464afc72f696af775557a821c2e253f,28630,nova friburgo,RJ
4b0fdb526525f9890eb145bf1534640e,14940,ibitinga,SP
318f287a62ab7ac10b703ac37435a231,04773,sao paulo,SP
ffdd9f82b9a447f6f8d4b91554cc7dd3,80030,curitiba,PR
cb41bfbcbda0aea354a834ab222f9a59,03520,sao paulo,SP
2379bdc3888025689a9deb7b141507d5,13806,mogi mirim,SP
8e2b3afb420011ef0c88c9d5f11ea526,13060,campinas,SP
440dd6ab244315c632130ecfb63827b1,15502,votuporanga,SP
c33a5c3c983090c8b78a28e65052a20d,88802,criciuma,SC
16090f2ca825584b5a147ab24aa30c86,12940,atibaia,SP
b561927807645834b59ef0d16ba55a24,02955,sao paulo,SP
6b333a05bf188ef3e1f1662a86bd9855,72304,brasilia,DF
56642bcb79900e777d68e91915cb4267,03701,sao paulo,SP
8a130737016f838139d31878787a39c9,03187,sao paulo,SP
850f4f8af5ea87287ac68de36e29107f,04367,sao paulo,SP
343e716476e3748b069f980efbaa294e,13033,campinas,SP
643214e62b870443ccbe55ab29a4dccf,02134,sao paulo,SP
0241d4d5d36f10f80c644447315af0bd,80330,curitiba,PR
8e8a7ce9f2f970dc00e2acf6f6e199f6,24710,sao goncalo,RJ
729b2d09b2a0bdab221076327f13d050,17320,mineiros do tiete,SP
30a81d8cf85fb2ada1b1b094c9583a95,03563,sao paulo,SP
897060da8b9a21f655304d50fd935913,14092,ribeirao preto,SP
09f952a5f58d2285b0372551ae8f9b01,09725,sao bernardo do campo,SP
2c4c47cb51acd5ea5db5e0ae0e26542a,15290,buritama,SP
f08a5b9dd6767129688d001acafc21e5,90230,porto alegre,RS
0ef83d7d83ed97cd2a0049ac8be5f88a,80230,curitiba,PR
da8622b14eb17ae2831f4ac5b9dab84a,13405,piracicaba,SP
fe26f3ecb51a15e6d8335cd92da42562,04365,sao paulo,SP
5f1dc28029d2c244352a68107ec2b542,05126,sao paulo,SP
710e3548e02bc1d2831dfc4f1b5b14d4,86600,rolandia,PR
485452467ff670447e84a8370c3fc898,89190,taio,SC
9d4db00d65d7760644ac0c14edb5fd86,18025,sorocaba,SP
d4f117125b59ce73c3302f88ee40c458,04058,sao paulo,SP
30a2f535bb48308f991d0b9ad4a8c4bb,13457,santa barbara d'oeste,SP
1336efc61c316ddf92c899eb817f7cae,19800,assis,SP
620c87c171fb2a6dd6e8bb4dec959fc6,25645,petropolis,RJ
070d165398b553f3b4b851c216b8a358,03916,sao paulo,SP
4c8b8048e33af2bf94f2eb547746a916,14940,ibitinga,SP
88460e8ebdecbfecb5f9601833981930,87030,maringa,PR
7d76b645482be4a332374e8223836592,01511,sao paulo,SP
46ef1a25845fc051c2998d878354810c,35530,claudio,MG
cac4c8e7b1ca6252d8f20b2fc1a2e4af,13347,indaiatuba,SP
1f867308a0ce13133a4e639ff4de0c02,82510,curitiba,PR
06a2c3af7b3aee5d69171b0e14f0ee87,65072,sao luis,MA
2e90cb1677d35cfe24eef47d441b7c87,02285,sao paulo,SP
adbc26658d6c7b4b6219f9d934598091,81770,curitiba,PR
0ffa40d54288e4f3499b8780dd0f144f,19013,presidente prudente,SP
d05ae8f7a5bd1d2a690a44cd079e4e27,22775,rio de janeiro,RJ
2e1c9f22be269ef4643f826c9e650a52,04850,sao paulo,SP
00fc707aaaad2d31347cf883cd2dfe10,87025,maringa,PR
d1c281d3ae149232351cd8c8cc885f0d,14940,ibitinga,SP
f80edd2c5aaa505cc4b0a3b219abf4b8,03431,sao paulo,SP
3ade81dab5a172b88e1871c28ae05260,15076,sao jose do rio preto,SP
562fc2f2c2863ab7e79a9e4388a58a14,13070,campinas,SP
5a8e7d5003a1f221f9e1d6e411de7c23,13076,campinas,SP
3bb548e3cb7f70f28e3f11ee9dce0e59,87040,maringa,PR
522620dcb18a6b31cd7bdf73665113a9,85801,cascavel,PR
ce7d1888639e6fb06b2749cbfdac1ff7,37443,baependi,MG
85d9eb9ddc5d00ca9336a2219c97bb13,31255,belo horizonte,MG
c8b3445d737de6befde0c88ede534a5e,05734,sao paulo,SP
eb5b6204dde3a6e03b5f1bb8479f055b,06900,embu guacu,SP
2e1a7d075abe038c1b2743005fe42ff1,03461,sao paulo,SP
973f21788dfab357250f69a8dcb7ddee,35530,claudio,MG
11bfa66332777660bd0640ee84d47006,14085,ribeirao preto,SP
3a1a1fec38dd360f15fc912e821e169d,02451,sao paulo,SP
dd55f1bb788714a40e7954c3be6df745,01021,sao paulo,SP
dc4a0fc896dc34b0d5bfec8438291c80,14940,ibitinga,SP
a6fe7de3d16f6149ffe280349a8535a0,14401,franca,SP
54a1852d1b8f10312c55e906355666ee,13456,santa barbara d'oeste,SP
c826c40d7b19f62a09e2d7c5e7295ee2,07133,guarulhos,SP
ab9db4cf53b08b828b64dccaafc2d9f0,96530,paraiso do sul,RS
113e3a788b935f48aad63e1c41dac1bd,12570,aparecida,SP
d12c926d74ceff0a90a21184466ce161,02634,sao paulo,SP
eba88037e1dca898cd02881f67ced679,03647,sao paulo,SP
f7ccf836d21b2fb1de37564105216cc1,14940,ibitinga,SP
7e3f87d16fb353f408d467e74fbd8014,04809,sao paulo,SP
4830e40640734fc1c52cd21127c341d4,03573,sao paulo,SP
dbb9b48c841a0e39e21f98e1a6b2ec3e,03929,sao paulo,SP
0ed6ce5d87fd9c69eaacaeb778d67235,13473,americana,SP
6973a06f484aacf400ece213dbf3d946,12230,sao jose dos campos,SP
0cbcee27c791afa0cdcb08587a2013a8,37410,tres coracoes,MG
080199a181c46c657dc5aa235411be3b,06097,osasco,SP
cca3071e3e9bb7d12640c9fbe2301306,14940,ibitinga,SP
d51e0a403fe2e689ece6c73359d96e12,17580,pompeia,SP
b080809eaacb49e5ca07290981472431,30431,belo horizonte,MG
8648b1e89e9b349e32d3741b30ec737e,12308,jacarei,SP
530ec6109d11eaaf87999465c6afee01,85807,cascavel,PR
6d22a1fcebb6dd08c9cd90b92a93e8d0,89215,joinville,SC
04aba03279157f6d4e0fe8ccaf21963c,28470,santo antonio de padua,RJ
b39d7fe263ef469605dbb32608aee0af,14940,ibitinga,SP
55d3daac7c404d59e51c2aa2f4dc5a23,02150,sao paulo,SP
6fc26fe110feebd80a433e1f012a84f9,15601,fernandopolis,SP
f43827dd686be3a4a80e00aa299990fb,15055,sao jose do rio preto,SP
98dac6635aee4995d501a3972e047414,02030,sao paulo,SP
0d85bbda9889ce1f7e63778d24f346eb,38414,uberlandia,MG
d624126b9206f595fb3fbb6ba03b28a8,80045,curitiba,PR
26d8a1c7c75d513045798992ead43aa2,86800,apucarana,PR
e6a69c4a27dfdd98ffe5aa757ad744bc,04424,sao paulo,SP
f181738b150df1f37cb0bd72e705b193,06317,carapicuiba,SP
bd4889b5e9133b35b66e42a8665cea5c,02963,sao paulo,SP
9de4643a8dbde634fe55621059d92273,89225,joinville,SC
3be634553519fb6536a03e1358e9fdc7,08275,sao paulo,SP
04308b1ee57b6625f47df1d56f00eedf,88215,bombinhas,SC
23d7c96d4a1160db1c726b248601b25a,13360,capivari,SP
86bb7c4b535e49a541baf3266b1c95b1,14401,franca,SP
e5475dcab1e07b63d7f6e902d8f5eda8,09921,diadema,SP
33a6f4b1e7cdc205511e76ba1b6e0186,07084,guarulhos,SP
7a67c85e85bb2ce8582c35f2203ad736,03426,sao paulo,SP
b372ee768ed69e46ca8cdbd267aa7a38,15013,sao jose do rio preto,SP
d20b021d3efdf267a402c402a48ea64b,14940,ibitinga,SP
0ea22c1cfbdc755f86b9b54b39c16043,35700,sete lagoas,MG
232a6014e7b10cba61c6c2b2ea6bb4b0,16500,cafelandia,SP
fffd5413c0700ac820c7069d66d98c89,13908,amparo,SP
b5abf4f36adc043117b4fca82c22984c,72251,brasilia,DF
0b35c634521043bf4b47e21547b99ab5,84530,teixeira soares,PR
edb1ef5e36e0c8cd84eb3c9b003e486d,25957,teresopolis,RJ
3361277dc30b7cccdb0c286b24219756,87015,maringa,PR
3c7c4a49ec3c6550809089c6a2ca9370,03804,sao paulo,SP
822bad9bc42b51213ba522fe87b7ab5d,88330,balneario camboriu,SC
48162d548f5b1b11b9d29d1e01f75a61,13403,piracicaba,SP
3fd1e727ba94cfe122d165e176ce7967,14802,araraquara,SP
4b5f66b7adcf57f1ecc0d3c07dd6b177,87025,vendas@creditparts.com.br,PR
af4a0e4cfe1d9c26b6712b1be25a72e5,35670,mateus leme,MG
5f67c6082caacb26e431a7b17940cece,87083,maringa,PR
5721089ba9214e80074f27d5a03fc0eb,01408,sao paulo,SP
8160255418d5aaa7dbdc9f4c64ebda44,14940,ibitinga,SP
cee48807215b30a12ca2ca10ffb5f250,11431,guaruja,SP
05a940b4ecae36cadfd8e93bd9c43257,74305,goiania,GO
a5a1bfcf728ab0e19182959cf0771ee4,13960,socorro,SP
bbad7e518d7af88a0897397ffdca1979,01512,sao paulo,SP
282f23a9769b2690c5dda22e316f9941,31573,belo horizonte,MG
8f119a0aee85c0c8fc534629734e94fd,06440,barueri,SP
bcc9dd23e2a8bd8267cf92b19304a1b9,14940,ibitinga,SP
b1fc4f64df5a0e8b6913ab38803c57a9,24440,sao goncalo,RJ
c64a2aec32cc408a8a4c6d7c46017f91,95625,imbe,RS
80e6699fe29150b372a0c8a1ebf7dcc8,83323,pinhais,PR
42ef3192a9ff87a22d1867b74b3ee205,09090,santo andre,SP
c003204e1ab016dfa150abc119207b24,07790,cajamar,SP
5656537e588803a555b8eb41f07a944b,72015,brasilia,DF
b8bc237ba3788b23da09c0f1f3a3288c,88303,itajai,SC
de23c3b98a88888289c6f5cc1209054a,05530,sao paulo,SP
fe49ee029e61e789a1f3a5525f57ba8d,06018,osasco,SP
e8a85b5f3df47be0984c55fd4064dbb4,71825,brasilia,DF
2a61c271b1ac763450d846849783e922,09175,santo andre,SP
5dceca129747e92ff8ef7a997dc4f8ca,13450,santa barbara d´oeste,SP
3d871de0142ce09b7081e2b9d1733cb1,13232,campo limpo paulista,SP
86ccac0b835037332a596a33b6949ee1,89041,blumenau,SC
1bb2bdb95f4841f1bba2c0d2cd83d3c9,01257,sao paulo,SP
670c26e0f1bf8d0576271d5cfaec6d2b,87025,maringa,PR
e0878efa0e0b7e5313ac0b43bc04c081,80230,curitiba,PR
e9d99831abad74458942f21e16f33f92,03542,sao paulo,SP
3f2af2670e104d1bcb54022274daeac5,87240,terra boa,PR
a2e874074c877c5a05abae80ad6e488f,15070,sao jose do rio preto,SP
abcd2cb37d46c2c8fb1bf071c859fc5b,78020,cuiaba,MT
0bb738e4d789e63e2267697c42d35a2d,18130,sao roque,SP
8c16d1f32a54d92897cc437244442e1b,89023,blumenau,SC
f5a590cf36251cf1162ea35bef76fe84,09720,sao bernardo do campo,SP
1e8b33f18b4f7598d87f5cbee2282cc2,02066,sao paulo,SP
1da3aeb70d7989d1e6d9b0e887f97c23,04265,sao paulo,SP
53e4c6e0f4312d4d2107a8c9cddf45cd,13920,pedreira,SP
527801b552d0077ffd170872eb49683b,17400,garca,SP
7202e2ba20579a9bd1acb29e61fe71f6,14401,franca,SP
0509040ea3fe50071181bbc359eb7738,31710,belo horizonte,MG
e89c4adbe7b1d0819dbb636e16461cf1,13347,indaiatuba,SP
bba74270a87732727b5a3b4fd9ac1c39,32604,betim,MG
835f0f7810c76831d6c7d24c7a646d4d,08030,sao paulo,SP
a066df7361163e7ddc5d7452dd17448b,14401,franca,SP
238fac594e170b59c6d228f5a4f4f1d9,17300,dois corregos,SP
83645b1645cdee8953ee54c29ceed564,85875,santa terezinha de itaipu,PR
5cf13accae3222c70a9cac40818ae839,38700,patos de minas,MG
96804ea39d96eb908e7c3afdb671bb9e,38950,ibia,MG
57c764b4a836300be881e2ff86e449f9,14021,ribeirao preto,SP
8ae520247981aa06bc94abddf5f46d34,88370,navegantes,SC
ac3508719a1d8f5b7614b798f70af136,92030,canoas,RS
4a3ca9315b744ce9f8e9374361493884,14940,ibitinga,SP
6d988d6174a2c27441597174f8905515,87070,maringa,PR
634964b17796e64304cadf1ad3050fb7,21840,rio de janeiro,RJ
bccf933e006e9b94a6184af782963e77,19806,assis,SP
b33e7c55446eabf8fe1a42d037ac7d6d,14850,pradopolis,SP
218d46b86c1881d022bce9c68a7d4b15,14070,ribeirao preto,SP
813348c996469b40f2e028d5429d3495,13206,jundiai,SP
2745f798279e0ed033addcc1474776d7,03106,sao paulo,SP
bafc5aa11e413978be29040f51342e70,30130,belo horizonte,MG
b7cc6c5e001441ae8cdd5c69a480cbe4,89520,curitibanos,SC
3b15288545f8928d3e65a8f949a28291,14940,ibitinga,SP
8e6cc767478edae941d9bd9eb778d77a,38442,araguari,MG
c8467937e403e76a8ee9f0ab13f6f5ef,37704,pocos de caldas,MG
4992e76a42cb3aad7a7047e0d3d7e729,03334,sao paulo,SP
2953ce3a88f5e3c3b696d77fc9e4c8eb,04270,sao paulo,SP
bbf9ad41dca6603e614efcdad7aab8c4,60348,fortaleza,CE
4da0e408c99d2fdc2126dc9fce518060,86300,cornelio procopio,PR
8b28d096634035667e8263d57ba3368c,12243,sao jose dos campos,SP
4371b634e0efc0e22b09b52907d9d469,02028,sao paulo,SP
bd23da7354813347129d751591d1a6e2,03971,sao paulo,SP
412a4720f3e9431b4afa1476a1acddbe,13060,campinas,SP
26785a546900236d66f2e4197c211158,08430,sao paulo,SP
8f2ce03f928b567e3d56181ae20ae952,05141,pirituba,SP
d4e12e7884759a14fa0f5f896c791cae,02242,sao paulo,SP
e24fc9fcd865784fb25705606fe3dfe7,12913,braganca paulista,SP
fec8cd45395b3cb0c2b173d7739706a1,12270,jambeiro,SP
900ba814c251a692506d7834c1218441,13328,salto,SP
afe0067131b73e40875c9b6c10bd2e21,35590,lagoa da prata,MG
d23019c84ffae2d5ef2270367b8605fc,86073,londrina,PR
a44fb5a447105f8469bdf16bf9159f25,91920,porto alegre,RS
4869f7a5dfa277a7dca6462dcf3b52b2,14840,guariba,SP
37515688008a7a40ac93e3b2e4ab203f,17900,dracena,SP
080102cd0a76b09e0dcf55fcacc60e05,31140,belo horizonte,MG
b2ac621f0d0322434d04a12b078b9369,80220,curitiba,PR
17306570e772e7718c92a562d33f5f1d,17250,bariri,SP
71039d19d4303bf9054d69e9a9236699,03018,sao paulo,SP
4d6d651bd7684af3fffabd5f08d12e5a,17209,jau,SP
b4ffb71f0cb1b1c3d63fad021ecf93e1,03880,sao paulo,SP
c26ba52cf8d2f34915f2f6b7ffa0a3f3,21510,rio de janeiro,RJ
974cf2cb8f4b7add98709c30df02fe10,14802,araraquara,SP
3c487ae8f8d7542beff5788e2e0aea83,72460,gama,DF
4a3ccda38b2129705f3fb522db62ca31,17504,marilia,SP
33576ec5412fb5905d876f12f33bfde6,80040,curitiba,PR
5566627eab3fe93fd6ee08798226101a,83005,sao jose dos pinhais,PR
bd1d49a326abfa9b1036772e40445430,17017,bauru,SP
c9c7905cffc4ef9ff9f113554423e671,06871,itapecerica da serra,SP
00720abe85ba0859807595bbf045a33b,07070,guarulhos,SP
75d34ebb1bd0bd7dde40dd507b8169c3,41820,salvador,BA
cb3dd9ce66268c7a3ca7241ac70ab58c,03028,sao paulo,SP
9906e7aa42a3c067b7c9a564d01c4320,87065,maringa,PR
4200ddf1967c5e41e48db62bc6d4b5ac,09710,sao bernardo do campo,SP
236585a4ddb5fea9fa40233e2249ed91,95088,caxias do sul,RS
a5cba26a62b8b4d0145b68b841e62e7f,87303,campo mourao,PR
1025f0e2d44d7041d6cf58b6550e0bfa,03204,sao paulo,SP
891071be6ba827b591264c90c2ae8a63,03872,sao paulo,SP
3c4e0452bff7a2a788179488d3d77032,83408,colombo,PR
f8d5c7085db9a4ad2b8c1ffbeb2798c8,04104,sao paulo,SP
7586919161935337bf6b6d7ff5779648,21921,rio de janeiro,RJ
827f8f69dfa529c561901c4f2e0f332f,81880,curitiba,PR
59fb871bf6f4522a87ba567b42dafecf,03655,sao paulo,SP
a1043bafd471dff536d0c462352beb48,37175,ilicinea,MG
8378eb36b6b70c5734e83ad7b8cdc3b7,88301,itajai,SC
5ca5d579b5857ee8709479b1047cecc3,04176,sao paulo,SP
3b872fd4747f01cc56206f2934198618,14940,ibitinga,SP
92eb0f42c21942b6552362b9b114707d,03504,sao paulo,SP
72146da5774cabf2632faedcae097a76,85960,marechal candido rondon,PR
5debea795b07621e1f90532e18f96145,86800,apucarana,PR
725c32fa80c2faacc4fc88450d27314e,03320,sao paulo,SP
e8b3a3a38279a82f0e5d006d5e5b7d2c,87230,jussara,PR
b17b679f4f5ce2e03ce6968c62648246,14090,ribeirao preto,SP
67225bff54a172ff67579aaf583efd78,85960,marechal candido rondon,PA
2ff6b7bff164ef05590a52734e1296da,86060,londrina,PR
0db783cfcd3b73998abc6e10e59a102f,11010,santos,SP
52f9db5cfb423382a2fa5c9e39303202,19830,echapora,SP
431af27f296bc6519d890aa5a05fdb11,14110,ribeirao preto,SP
0be8ff43f22e456b4e0371b2245e4d01,04461,sao paulo,SP
1835b56ce799e6a4dc4eddc053f04066,14940,ibitinga,SP
13d058e4eeac2ce8217660b2f8a05812,06080,osasco,SP
ab3e0c171fe84a7ba7de130f19cfb485,86690,colorado,PR
fd386aa7bed2af3c7035c65506c9b4a3,04208,sao paulo,SP
ff4e2d38692ce827b1a4f4b8196e680d,03319,sao paulo,SP
1b7e5006cb25dd23ce8686691013b121,02350,sao paulo,SP
4559697a8f7e637227c2eeaed843baff,19029,presidente prudente,SP
42fa4ee7240e9b8eb4576358ec142ba7,95012,caxias do sul,RS
7ecd59e5e20407131822c1a68ac59c1f,70719,brasilia,DF
128f9bfbe4c7d5185033914b1de3d39a,12940,atibaia,SP
81a1104df0f08b59c68aa5b03cfe398e,83020,sao jose dos pinhais,PR
750303a20e9c56b2a6bc45cdce0b897d,74333,goiania,GO
f8db351d8c4c4c22c6835c19a46f01b0,13324,salto,SP
1838dd9b8977065acf51d95e0053ea7a,30882,belo horizonte,MG
39d54ff918774174706fb065d7f9dc07,04243,sao paulo,SP
1ca7077d890b907f89be8c954a02686a,06506,santana de parnaiba,SP
8f78f0903005064036736c7173a5c2ed,36325,tiradentes,MG
17908cf9b444ee34047cadd5c0f4a516,75124,anapolis,GO
270297ead4c65a6cd2593960d2af6b21,04696,sao paulo,SP
17f51e7198701186712e53a39c564617,03908,sao paulo,SP
2addf05f476d0637864454e93ba673d5,70856,brasilia,DF
655220df33262c7e0c4949a147366f94,09951,diadema,SP
70a12e78e608ac31179aea7f8422044b,12327,jacarei,SP
ff063b022a9a0aab91bad2c9088760b7,09171,santo andre,SP
25cf099de44674fde97473224f9d59ab,06716,cotia,SP
7139dc5186aa238b006e066d8fbab2e4,13901,amparo,SP
d94a40fd42351c259927028d163af842,37443,baependi,MG
0885aaf116795758dfeb5f1032487bcd,08541,ferraz de vasconcelos,SP
6288c69c4ce638e59925e59193f98b16,09010,santo andre,SP
2bf6a2c1e71bbd29a4ad64e6d3c3629f,28615,nova friburgo,RJ
06579cb253ecd5a3a12a9e6eb6bf8f47,04007,sao paulo - sp,SP
46dc3b2cc0980fb8ec44634e21d2718e,22240,rio de janeiro,RJ
df56d7b40d437f88407c5f78b63bc328,85812,cascavel,PR
165fc07beebdcb6190fba8a06db2a449,87015,maringa,PR
0691148aee60ca47977c187804f935ae,86010,londrina,PR
70eea00b476a314817cefde4aad4f89a,13250,itatiba,SP
7040e82f899a04d1b434b795a43b4617,01026,sao paulo,SP
42bde9fef835393bb8a8849cb6b7f245,71551,brasilia,DF
66922902710d126a0e7d26b0e3805106,31842,belo horizonte,MG
05f51e13da97139648b8125c31e5f51b,31910,belo horizonte,MG
7d456afc660226829370f3173d14520c,08820,mogi das cruzes,SP
1900267e848ceeba8fa32d80c1a5f5a8,14940,ibitinga,SP
157c3e4b42f81ac4a44e8b1ca2fe9876,03211,sao paulo,SP
d5ba419e26d246a0719437cf37d9b46d,03437,sao paulo,SP
15aac934c58d886785ac1b17953ea898,29480,muqui,ES
f789d2c4f2c2eb38fc4373e7a4b35264,36010,juiz de fora,MG
eb3071b9f0b0ddaa2df5ea130f09f26b,04281,sao paulo,SP
31da954dc0855f2495c6310f70a2f931,13601,araras,SP
17e34d8224d27a541263c4c64b11a56b,14085,riberao preto,SP
4342d4b2ba6b161468c63a7e7cfce593,22793,rio de janeiro,RJ
3c03b12bab54d8b37d79d914bfdb1aa0,25561,sao joao de meriti,RJ
9d5a9018aee56acb367ba9c3f05d1d6a,74930,aparecida de goiania,GO
66e0557ecc2b4dbea057e93f215f68d8,04771,sao paulo,SP
55c96925041a14097b6a7825554f4ad5,02122,sao paulo,SP
daeb5653dd96c1b11860f72209795012,31310,belo horizonte,MG
15ead3a5037a918ddb520dfe39a3d2b9,36401,conselheiro lafaiete,MG
725af026f869236a8dd0ceb98564d156,35530,claudio,MG
